Task ID,Role group,Observable task,Expected evidence,Scope / scenario,Observed evidence reference,Current level,Desired level,Barrier / gap,Priority and rationale,Learning / non-training action,Action owner,Manager support,Due date,Follow-up date,Follow-up evidence,Follow-up level,Next decision,Tool scope
P01,Payroll,Trace an approved employee change through to payroll,"Correct effective date, source approval and confirmation in payroll",,,Not yet observed,,,,,,,,,,,,"Original TPS development planning tool; not a validated benchmark, employment rating or compliance certification. Local draft 27 September 2026. Instructions: https://www.thepayrollstudio.com.au/blog/payroll-governance-capability-uplift"
P02,Payroll,Investigate an unexplained pay variance,Facts separated from assumptions; relevant records and escalation identified,,,Not yet observed,,,,,,,,,,,,"Original TPS development planning tool; not a validated benchmark, employment rating or compliance certification. Local draft 27 September 2026. Instructions: https://www.thepayrollstudio.com.au/blog/payroll-governance-capability-uplift"
P03,Payroll,Check a retrospective adjustment for duplicate processing,Prior adjustments checked; calculation and approval trail retained,,,Not yet observed,,,,,,,,,,,,"Original TPS development planning tool; not a validated benchmark, employment rating or compliance certification. Local draft 27 September 2026. Instructions: https://www.thepayrollstudio.com.au/blog/payroll-governance-capability-uplift"
H01,HR,Prepare a complete employment-change instruction,"Required facts, authorised decision and effective date documented",,,Not yet observed,,,,,,,,,,,,"Original TPS development planning tool; not a validated benchmark, employment rating or compliance certification. Local draft 27 September 2026. Instructions: https://www.thepayrollstudio.com.au/blog/payroll-governance-capability-uplift"
H02,HR,Recognise an unresolved classification or instrument question,Uncertainty recorded and referred to the authorised specialist,,,Not yet observed,,,,,,,,,,,,"Original TPS development planning tool; not a validated benchmark, employment rating or compliance certification. Local draft 27 September 2026. Instructions: https://www.thepayrollstudio.com.au/blog/payroll-governance-capability-uplift"
H03,HR,Follow an employee pay query through the agreed route,"Clear explanation, named owner and traceable unresolved questions",,,Not yet observed,,,,,,,,,,,,"Original TPS development planning tool; not a validated benchmark, employment rating or compliance certification. Local draft 27 September 2026. Instructions: https://www.thepayrollstudio.com.au/blog/payroll-governance-capability-uplift"
F01,Finance,Review a payroll reconciliation with an unexplained difference,Difference investigated or escalated rather than hidden in a total,,,Not yet observed,,,,,,,,,,,,"Original TPS development planning tool; not a validated benchmark, employment rating or compliance certification. Local draft 27 September 2026. Instructions: https://www.thepayrollstudio.com.au/blog/payroll-governance-capability-uplift"
F02,Finance,Assess whether payment approval evidence is sufficient,Relevant checks and unresolved exceptions considered within delegation,,,Not yet observed,,,,,,,,,,,,"Original TPS development planning tool; not a validated benchmark, employment rating or compliance certification. Local draft 27 September 2026. Instructions: https://www.thepayrollstudio.com.au/blog/payroll-governance-capability-uplift"
F03,Finance,Report findings without netting away employee impacts,"Known findings, uncertainty and separate under/overpayment information",,,Not yet observed,,,,,,,,,,,,"Original TPS development planning tool; not a validated benchmark, employment rating or compliance certification. Local draft 27 September 2026. Instructions: https://www.thepayrollstudio.com.au/blog/payroll-governance-capability-uplift"
O01,Operations,Resolve a missing or disputed time input,"Reliable source record, authorised decision and timely payroll handoff",,,Not yet observed,,,,,,,,,,,,"Original TPS development planning tool; not a validated benchmark, employment rating or compliance certification. Local draft 27 September 2026. Instructions: https://www.thepayrollstudio.com.au/blog/payroll-governance-capability-uplift"
O02,Operations,Handle a late change after the payroll cutoff,Agreed exception route used and payment impact assessed,,,Not yet observed,,,,,,,,,,,,"Original TPS development planning tool; not a validated benchmark, employment rating or compliance certification. Local draft 27 September 2026. Instructions: https://www.thepayrollstudio.com.au/blog/payroll-governance-capability-uplift"
O03,Operations,Identify a recurring handoff failure,Pattern described with examples and an appropriate action owner,,,Not yet observed,,,,,,,,,,,,"Original TPS development planning tool; not a validated benchmark, employment rating or compliance certification. Local draft 27 September 2026. Instructions: https://www.thepayrollstudio.com.au/blog/payroll-governance-capability-uplift"
L01,Leadership,Resolve a fix blocked across teams,"Decision authority, resources, action owner and review date recorded",,,Not yet observed,,,,,,,,,,,,"Original TPS development planning tool; not a validated benchmark, employment rating or compliance certification. Local draft 27 September 2026. Instructions: https://www.thepayrollstudio.com.au/blog/payroll-governance-capability-uplift"
L02,Leadership,Challenge evidence offered to close a significant finding,Correction distinguished from prevention; limitations and testing considered,,,Not yet observed,,,,,,,,,,,,"Original TPS development planning tool; not a validated benchmark, employment rating or compliance certification. Local draft 27 September 2026. Instructions: https://www.thepayrollstudio.com.au/blog/payroll-governance-capability-uplift"
L03,Leadership,Plan sustained ownership after improvement work,"Ongoing owner, backup, procedures and follow-up evidence agreed",,,Not yet observed,,,,,,,,,,,,"Original TPS development planning tool; not a validated benchmark, employment rating or compliance certification. Local draft 27 September 2026. Instructions: https://www.thepayrollstudio.com.au/blog/payroll-governance-capability-uplift"
