Check ID,Stage,Action,Suggested owner,Evidence expected,Accountable owner,Status,Due date,Evidence reference,Next action / blocker,Approval / date,Source / scope
01,1. Record the issue and assign ownership,Describe the observed discrepancy separately from suspected causes.,Programme sponsor and payroll lead,"Issue record with source, observation date and next decision.",,Not started,,,,,"TPS planning tool; not compliance certification. Adapted in part from FWO Payroll Remediation Program Guide April2025, CC BY3.0AU. Source: https://www.fairwork.gov.au/sites/default/files/2025-04/Payroll%20remediation%20program%20guide.pdf ; TPS guide: https://www.thepayrollstudio.com.au/blog/payroll-remediation/checklist ; local draft 27Sep2026, not published."
02,1. Record the issue and assign ownership,Identify whether incorrect pay may still be occurring and assign an immediate response.,Programme sponsor and payroll lead,"Current-pay assessment, interim action and accountable owner.",,Not started,,,,,"TPS planning tool; not compliance certification. Adapted in part from FWO Payroll Remediation Program Guide April2025, CC BY3.0AU. Source: https://www.fairwork.gov.au/sites/default/files/2025-04/Payroll%20remediation%20program%20guide.pdf ; TPS guide: https://www.thepayrollstudio.com.au/blog/payroll-remediation/checklist ; local draft 27Sep2026, not published."
03,1. Record the issue and assign ownership,"Confirm programme resources, decision authority and advice needed on notification or escalation.",Programme sponsor and payroll lead,"Named sponsor, workstream owners, resourcing plan and advice/action record.",,Not started,,,,,"TPS planning tool; not compliance certification. Adapted in part from FWO Payroll Remediation Program Guide April2025, CC BY3.0AU. Source: https://www.fairwork.gov.au/sites/default/files/2025-04/Payroll%20remediation%20program%20guide.pdf ; TPS guide: https://www.thepayrollstudio.com.au/blog/payroll-remediation/checklist ; local draft 27Sep2026, not published."
04,2. Define the population and review period,"Map potentially affected employees, former employees, entities, instruments and entitlements.",Programme lead with HR and relevant advisers,Scope register with inclusion and exclusion reasons.,,Not started,,,,,"TPS planning tool; not compliance certification. Adapted in part from FWO Payroll Remediation Program Guide April2025, CC BY3.0AU. Source: https://www.fairwork.gov.au/sites/default/files/2025-04/Payroll%20remediation%20program%20guide.pdf ; TPS guide: https://www.thepayrollstudio.com.au/blog/payroll-remediation/checklist ; local draft 27Sep2026, not published."
05,2. Define the population and review period,Document the basis for the review period and how newly discovered issues can expand scope.,Programme lead with HR and relevant advisers,Approved period rationale and scope-change log.,,Not started,,,,,"TPS planning tool; not compliance certification. Adapted in part from FWO Payroll Remediation Program Guide April2025, CC BY3.0AU. Source: https://www.fairwork.gov.au/sites/default/files/2025-04/Payroll%20remediation%20program%20guide.pdf ; TPS guide: https://www.thepayrollstudio.com.au/blog/payroll-remediation/checklist ; local draft 27Sep2026, not published."
06,2. Define the population and review period,Plan how employees and representatives can contribute information about actual work practices.,Programme lead with HR and relevant advisers,Consultation plan and record of information that changes scope or assumptions.,,Not started,,,,,"TPS planning tool; not compliance certification. Adapted in part from FWO Payroll Remediation Program Guide April2025, CC BY3.0AU. Source: https://www.fairwork.gov.au/sites/default/files/2025-04/Payroll%20remediation%20program%20guide.pdf ; TPS guide: https://www.thepayrollstudio.com.au/blog/payroll-remediation/checklist ; local draft 27Sep2026, not published."
07,3. Prepare data and approve the methodology,"Inventory source records, time periods, owners and versions; log missing or inconsistent data.","Data owners, calculation provider and relevant specialists","Data inventory, completeness checks and gap register.",,Not started,,,,,"TPS planning tool; not compliance certification. Adapted in part from FWO Payroll Remediation Program Guide April2025, CC BY3.0AU. Source: https://www.fairwork.gov.au/sites/default/files/2025-04/Payroll%20remediation%20program%20guide.pdf ; TPS guide: https://www.thepayrollstudio.com.au/blog/payroll-remediation/checklist ; local draft 27Sep2026, not published."
08,3. Prepare data and approve the methodology,"Map the rules, classifications and effective dates used in calculations to approved decisions.","Data owners, calculation provider and relevant specialists",Instrument/rule mapping and methodology decision log.,,Not started,,,,,"TPS planning tool; not compliance certification. Adapted in part from FWO Payroll Remediation Program Guide April2025, CC BY3.0AU. Source: https://www.fairwork.gov.au/sites/default/files/2025-04/Payroll%20remediation%20program%20guide.pdf ; TPS guide: https://www.thepayrollstudio.com.au/blog/payroll-remediation/checklist ; local draft 27Sep2026, not published."
09,3. Prepare data and approve the methodology,Escalate assumptions and any prior-payment or offsetting treatment for appropriate review.,"Data owners, calculation provider and relevant specialists","Documented rationale, approval and traceability to affected calculations.",,Not started,,,,,"TPS planning tool; not compliance certification. Adapted in part from FWO Payroll Remediation Program Guide April2025, CC BY3.0AU. Source: https://www.fairwork.gov.au/sites/default/files/2025-04/Payroll%20remediation%20program%20guide.pdf ; TPS guide: https://www.thepayrollstudio.com.au/blog/payroll-remediation/checklist ; local draft 27Sep2026, not published."
10,4. Validate results before release,"Agree test coverage across relevant instruments, employee groups, periods and unusual scenarios.",Validation lead and designated approver,Validation plan with independently established expected outcomes.,,Not started,,,,,"TPS planning tool; not compliance certification. Adapted in part from FWO Payroll Remediation Program Guide April2025, CC BY3.0AU. Source: https://www.fairwork.gov.au/sites/default/files/2025-04/Payroll%20remediation%20program%20guide.pdf ; TPS guide: https://www.thepayrollstudio.com.au/blog/payroll-remediation/checklist ; local draft 27Sep2026, not published."
11,4. Validate results before release,Investigate exceptions and record how each was resolved or escalated.,Validation lead and designated approver,"Test results, exception register and impact assessment.",,Not started,,,,,"TPS planning tool; not compliance certification. Adapted in part from FWO Payroll Remediation Program Guide April2025, CC BY3.0AU. Source: https://www.fairwork.gov.au/sites/default/files/2025-04/Payroll%20remediation%20program%20guide.pdf ; TPS guide: https://www.thepayrollstudio.com.au/blog/payroll-remediation/checklist ; local draft 27Sep2026, not published."
12,4. Validate results before release,Check that changes to data or methodology trigger the necessary retesting.,Validation lead and designated approver,"Version history, retest evidence and release recommendation.",,Not started,,,,,"TPS planning tool; not compliance certification. Adapted in part from FWO Payroll Remediation Program Guide April2025, CC BY3.0AU. Source: https://www.fairwork.gov.au/sites/default/files/2025-04/Payroll%20remediation%20program%20guide.pdf ; TPS guide: https://www.thepayrollstudio.com.au/blog/payroll-remediation/checklist ; local draft 27Sep2026, not published."
13,5. Reconcile previous remediation payments,"Match earlier payments to reliable employee identifiers, periods and payment components.","Finance, payroll and methodology approvers",Prior-payment register with source records and unmatched items.,,Not started,,,,,"TPS planning tool; not compliance certification. Adapted in part from FWO Payroll Remediation Program Guide April2025, CC BY3.0AU. Source: https://www.fairwork.gov.au/sites/default/files/2025-04/Payroll%20remediation%20program%20guide.pdf ; TPS guide: https://www.thepayrollstudio.com.au/blog/payroll-remediation/checklist ; local draft 27Sep2026, not published."
14,5. Reconcile previous remediation payments,"Separate revised entitlement, approved treatment of previous payments and remaining amounts.","Finance, payroll and methodology approvers",Reconciliation using the approved methodology; no unexplained netting.,,Not started,,,,,"TPS planning tool; not compliance certification. Adapted in part from FWO Payroll Remediation Program Guide April2025, CC BY3.0AU. Source: https://www.fairwork.gov.au/sites/default/files/2025-04/Payroll%20remediation%20program%20guide.pdf ; TPS guide: https://www.thepayrollstudio.com.au/blog/payroll-remediation/checklist ; local draft 27Sep2026, not published."
15,5. Reconcile previous remediation payments,"Check tax, superannuation, interest and reporting treatment with the responsible specialists.","Finance, payroll and methodology approvers","Component-level schedule, treatment decisions and approvals.",,Not started,,,,,"TPS planning tool; not compliance certification. Adapted in part from FWO Payroll Remediation Program Guide April2025, CC BY3.0AU. Source: https://www.fairwork.gov.au/sites/default/files/2025-04/Payroll%20remediation%20program%20guide.pdf ; TPS guide: https://www.thepayrollstudio.com.au/blog/payroll-remediation/checklist ; local draft 27Sep2026, not published."
16,6. Prepare the employee communication and payment journey,"Plan initial updates, progress messages, individual outcomes and accessible review channels.",HR/communications with payroll and data-security owners,"Audience/channel plan, approved messages and query owners.",,Not started,,,,,"TPS planning tool; not compliance certification. Adapted in part from FWO Payroll Remediation Program Guide April2025, CC BY3.0AU. Source: https://www.fairwork.gov.au/sites/default/files/2025-04/Payroll%20remediation%20program%20guide.pdf ; TPS guide: https://www.thepayrollstudio.com.au/blog/payroll-remediation/checklist ; local draft 27Sep2026, not published."
17,6. Prepare the employee communication and payment journey,Provide secure routes for current and former employees to confirm relevant payment details.,HR/communications with payroll and data-security owners,"Detail-verification procedure, alternative access route and exception handling.",,Not started,,,,,"TPS planning tool; not compliance certification. Adapted in part from FWO Payroll Remediation Program Guide April2025, CC BY3.0AU. Source: https://www.fairwork.gov.au/sites/default/files/2025-04/Payroll%20remediation%20program%20guide.pdf ; TPS guide: https://www.thepayrollstudio.com.au/blog/payroll-remediation/checklist ; local draft 27Sep2026, not published."
18,6. Prepare the employee communication and payment journey,"Explain how employees can query results, and how new evidence feeds back into the programme.",HR/communications with payroll and data-security owners,"Review workflow, case register and wider-cohort assessment process.",,Not started,,,,,"TPS planning tool; not compliance certification. Adapted in part from FWO Payroll Remediation Program Guide April2025, CC BY3.0AU. Source: https://www.fairwork.gov.au/sites/default/files/2025-04/Payroll%20remediation%20program%20guide.pdf ; TPS guide: https://www.thepayrollstudio.com.au/blog/payroll-remediation/checklist ; local draft 27Sep2026, not published."
19,7. Authorise payments and reconcile execution,Check the authorised population and amounts against the final payment instructions.,Payroll and finance approvers,"Approved release file, control totals and authorisation record.",,Not started,,,,,"TPS planning tool; not compliance certification. Adapted in part from FWO Payroll Remediation Program Guide April2025, CC BY3.0AU. Source: https://www.fairwork.gov.au/sites/default/files/2025-04/Payroll%20remediation%20program%20guide.pdf ; TPS guide: https://www.thepayrollstudio.com.au/blog/payroll-remediation/checklist ; local draft 27Sep2026, not published."
20,7. Authorise payments and reconcile execution,"Track successful, failed and outstanding payments and reconcile them to approved instructions.",Payroll and finance approvers,Payment-status reconciliation with named follow-up owners.,,Not started,,,,,"TPS planning tool; not compliance certification. Adapted in part from FWO Payroll Remediation Program Guide April2025, CC BY3.0AU. Source: https://www.fairwork.gov.au/sites/default/files/2025-04/Payroll%20remediation%20program%20guide.pdf ; TPS guide: https://www.thepayrollstudio.com.au/blog/payroll-remediation/checklist ; local draft 27Sep2026, not published."
21,7. Authorise payments and reconcile execution,Confirm required reporting and keep former-employee contact and unresolved-payment work visible.,Payroll and finance approvers,"Reporting confirmations, contact log and outstanding-items register.",,Not started,,,,,"TPS planning tool; not compliance certification. Adapted in part from FWO Payroll Remediation Program Guide April2025, CC BY3.0AU. Source: https://www.fairwork.gov.au/sites/default/files/2025-04/Payroll%20remediation%20program%20guide.pdf ; TPS guide: https://www.thepayrollstudio.com.au/blog/payroll-remediation/checklist ; local draft 27Sep2026, not published."
22,8. Fix the driver and hand over ongoing controls,Connect each confirmed cause to a corrective action and test the changed behaviour.,"Process, policy, system or data owners with the sponsor",Cause/action register and evidence that the fix addresses the original scenario.,,Not started,,,,,"TPS planning tool; not compliance certification. Adapted in part from FWO Payroll Remediation Program Guide April2025, CC BY3.0AU. Source: https://www.fairwork.gov.au/sites/default/files/2025-04/Payroll%20remediation%20program%20guide.pdf ; TPS guide: https://www.thepayrollstudio.com.au/blog/payroll-remediation/checklist ; local draft 27Sep2026, not published."
23,8. Fix the driver and hand over ongoing controls,"Account for the period between the review cut-off and the effective fix, and assign ongoing monitoring.","Process, policy, system or data owners with the sponsor","Coverage decision, control owner, monitoring evidence and escalation route.",,Not started,,,,,"TPS planning tool; not compliance certification. Adapted in part from FWO Payroll Remediation Program Guide April2025, CC BY3.0AU. Source: https://www.fairwork.gov.au/sites/default/files/2025-04/Payroll%20remediation%20program%20guide.pdf ; TPS guide: https://www.thepayrollstudio.com.au/blog/payroll-remediation/checklist ; local draft 27Sep2026, not published."
24,8. Fix the driver and hand over ongoing controls,"Document closure decisions and retain ownership of residual payments, queries or unresolved risks.","Process, policy, system or data owners with the sponsor","Closure record, residual-action register and business-as-usual handover.",,Not started,,,,,"TPS planning tool; not compliance certification. Adapted in part from FWO Payroll Remediation Program Guide April2025, CC BY3.0AU. Source: https://www.fairwork.gov.au/sites/default/files/2025-04/Payroll%20remediation%20program%20guide.pdf ; TPS guide: https://www.thepayrollstudio.com.au/blog/payroll-remediation/checklist ; local draft 27Sep2026, not published."
